Workbook

Sheet Gündüz
A1: Nokta Sayısı | B1: Ölçüm Noktası | C1: Data No | D1: Ölçüm Başlangıç | E1: Ölçüm Bitiş | F1: LC MAX | G1: LAFmaxtt | H1: LASmaxtt | I1: LAImaxtt | J1: LAItt | K1: LAtt | L1: LCtt | M1: LZtt | N1: L10 | O1: L 95 | P1: 63 Hz | Q1: 80 Hz | R1: 100 Hz | S1: 125 Hz | T1: 160 Hz | U1: 200 Hz | V1: 250 Hz
A2: 1 | B2: İşletme İçi 1. Ölçüm Noktası | C2: 2 | D2: 17:16:15 | E2: 17:21:49 | F2: 84.7 | G2: 75.8 | H2: 72.7 | I2: 78 | J2: 68 | K2: 62.3 | L2: 68.4 | M2: 70.5
A3: 2 | B3: İşletme İçi 2. Ölçüm Noktası | C3: 3 | D3: 17:22:15 | E3: 17:27:15 | F3: 87 | G3: 73 | H3: 68 | I3: 75.8 | J3: 64.4 | K3: 59.2 | L3: 66.8 | M3: 70
A4: 3 | B4: İşletme İçi 3. Ölçüm Noktası | C4: 4 | D4: 17:28:02 | E4: 17:33:26 | F4: 81.2 | G4: 78.6 | H4: 74.2 | I4: 81.9 | J4: 70.6 | K4: 63.9 | L4: 68.3 | M4: 70.4
A5: 4 | B5: Çevre Ölçüm Noktası 1 | C5: 5 | D5: 17:58:40 | E5: 18:03:40 | F5: 76.3 | G5: 72.7 | H5: 69.5 | I5: 74.1 | J5: 62 | K5: 57.9 | L5: 63.9 | M5: 68.8
A6: 5 | B6: Çevre Ölçüm Noktası 2 | C6: 7 | D6: 17:34:04 | E6: 17:39:04 | F6: 80.4 | G6: 81.7 | H6: 74.1 | I6: 85.8 | J6: 67.9 | K6: 62 | L6: 67.1 | M6: 69
A7: 6 | B7: Çevre Ölçüm Noktası 3 | C7: 9 | D7: 17:46:26 | E7: 17:51:37 | F7: 82.9 | G7: 76.9 | H7: 69.7 | I7: 80.8 | J7: 63.9 | K7: 59.3 | L7: 65.9 | M7: 68.2

Sheet Gündüz Arka Plan
A1: Nokta Sayısı | B1: Ölçüm Noktası | C1: Data No | D1: Ölçüm Başlangıç | E1: Ölçüm Bitiş | F1: LC MAX | G1: LAFmaxtt | H1: LASmaxtt | I1: LAImaxtt | J1: LAItt | K1: LAtt | L1: LCtt | M1: LZtt | N1: L10 | O1: L 95 | P1: 63 Hz | Q1: 80 Hz | R1: 100 Hz | S1: 125 Hz | T1: 160 Hz | U1: 200 Hz | V1: 250 Hz
A2: 4 | B2: Çevre Ölçüm Noktası 1 [ARKA PLAN] | C2: 6 | D2: 17:53:07 | E2: 17:58:07 | F2: 73.8 | G2: 69.9 | H2: 67 | I2: 73 | J2: 60.8 | K2: 57.2 | L2: 64.3 | M2: 66.7
A3: 5 | B3: Çevre Ölçüm Noktası 2 [ARKA PLAN] | C3: 8 | D3: 17:39:16 | E3: 17:44:16 | F3: 78.2 | G3: 76 | H3: 70.4 | I3: 79.1 | J3: 68.1 | K3: 62.4 | L3: 67.5 | M3: 69.4
A4: 6 | B4: Çevre Ölçüm Noktası 3 [ARKA PLAN] | C4: 10 | D4: 17:53:07 | E4: 17:58:07 | F4: 73.8 | G4: 69.9 | H4: 67 | I4: 73 | J4: 60.8 | K4: 57.2 | L4: 64.3 | M4: 66.7

Sheet Akşam
A1: Nokta Sayısı | B1: Ölçüm Noktası | C1: Data No | D1: Ölçüm Başlangıç | E1: Ölçüm Bitiş | F1: LC MAX | G1: LAFmaxtt | H1: LASmaxtt | I1: LAImaxtt | J1: LAItt | K1: LAtt | L1: LCtt | M1: LZtt | N1: L10 | O1: L 95 | P1: 63 Hz | Q1: 80 Hz | R1: 100 Hz | S1: 125 Hz | T1: 160 Hz | U1: 200 Hz | V1: 250 Hz
A2: 1 | B2: İşletme İçi 1. Ölçüm Noktası | C2: 13 | D2: 19:12:39 | E2: 19:17:39 | F2: 87.4 | G2: 74 | H2: 67.8 | I2: 76.4 | J2: 64.7 | K2: 59.3 | L2: 66.5 | M2: 70.4
A3: 2 | B3: İşletme İçi 2. Ölçüm Noktası | C3: 14 | D3: 18:10:56 | E3: 18:15:56 | F3: 72.4 | G3: 66.1 | H3: 62.4 | I3: 67.9 | J3: 56.4 | K3: 54.4 | L3: 62.7 | M3: 66.2
A4: 3 | B4: İşletme İçi 3. Ölçüm Noktası | C4: 15 | D4: 18:25:02 | E4: 18:30:47 | F4: 83.6 | G4: 67.3 | H4: 62.3 | I4: 70.7 | J4: 57.9 | K4: 54.7 | L4: 64.1 | M4: 72.1
A5: 4 | B5: Çevre Ölçüm Noktası 1 | C5: 16 | D5: 19:46:56 | E5: 19:52:23 | F5: 75.2 | G5: 74.1 | H5: 72.6 | I5: 75.3 | J5: 63.7 | K5: 60.2 | L5: 64.9 | M5: 67.4
A6: 5 | B6: Çevre Ölçüm Noktası 2 | C6: 18 | D6: 18:31:04 | E6: 18:36:04 | F6: 92.2 | G6: 78.7 | H6: 70.1 | I6: 84.1 | J6: 62.4 | K6: 53.5 | L6: 64.3 | M6: 70.4
A7: 6 | B7: Çevre Ölçüm Noktası 3 | C7: 20 | D7: 19:12:39 | E7: 19:17:39 | F7: 87.4 | G7: 74 | H7: 67.8 | I7: 76.4 | J7: 64.7 | K7: 59.3 | L7: 66.5 | M7: 70.4

Sheet Akşam Arka Plan
A1: Nokta Sayısı | B1: Ölçüm Noktası | C1: Data No | D1: Ölçüm Başlangıç | E1: Ölçüm Bitiş | F1: LC MAX | G1: LAFmaxtt | H1: LASmaxtt | I1: LAImaxtt | J1: LAItt | K1: LAtt | L1: LCtt | M1: LZtt | N1: L10 | O1: L 95 | P1: 63 Hz | Q1: 80 Hz | R1: 100 Hz | S1: 125 Hz | T1: 160 Hz | U1: 200 Hz | V1: 250 Hz
A2: 4 | B2: Çevre Ölçüm Noktası 1 [ARKA PLAN] | C2: 17 | D2: 19:52:45 | E2: 19:57:58 | F2: 75 | G2: 70.4 | H2: 66.5 | I2: 72.9 | J2: 63.3 | K2: 58.7 | L2: 65.3 | M2: 67.1
A3: 5 | B3: Çevre Ölçüm Noktası 2 [ARKA PLAN] | C3: 19 | D3: 19:18:35 | E3: 19:23:35 | F3: 86.7 | G3: 72.5 | H3: 66.7 | I3: 76.5 | J3: 63.8 | K3: 58.4 | L3: 65.8 | M3: 69.5
A4: 6 | B4: Çevre Ölçüm Noktası 3 [ARKA PLAN] | C4: 21 | D4: 19:23:56 | E4: 19:29:07 | F4: 91 | G4: 78.8 | H4: 71.6 | I4: 82.2 | J4: 66.3 | K4: 60.6 | L4: 67.4 | M4: 72

Sheet Gece
A1: Nokta Sayısı | B1: Ölçüm Noktası | C1: Data No | D1: Ölçüm Başlangıç | E1: Ölçüm Bitiş | F1: LC MAX | G1: LAFmaxtt | H1: LASmaxtt | I1: LAImaxtt | J1: LAItt | K1: LAtt | L1: LCtt | M1: LZtt | N1: L10 | O1: L 95 | P1: 63 Hz | Q1: 80 Hz | R1: 100 Hz | S1: 125 Hz | T1: 160 Hz | U1: 200 Hz | V1: 250 Hz
A2: 1 | B2: İşletme İçi 1. Ölçüm Noktası | C2: 24 | D2: 23:04:28 | E2: 23:09:40 | F2: 87.2 | G2: 78 | H2: 71.7 | I2: 80.6 | J2: 68.2 | K2: 62 | L2: 66.8 | M2: 69.1
A3: 2 | B3: İşletme İçi 2. Ölçüm Noktası | C3: 25 | D3: 19:41:14 | E3: 19:46:14 | F3: 72.7 | G3: 73.1 | H3: 66.4 | I3: 76.7 | J3: 61 | K3: 56 | L3: 62.1 | M3: 64.6
A4: 3 | B4: İşletme İçi 3. Ölçüm Noktası | C4: 26 | D4: 19:46:56 | E4: 19:52:23 | F4: 75.2 | G4: 74.1 | H4: 72.6 | I4: 75.3 | J4: 63.7 | K4: 60.2 | L4: 64.9 | M4: 67.4
A5: 4 | B5: Çevre Ölçüm Noktası 1 | C5: 27 | D5: 23:49:30 | E5: 23:55:13 | F5: 69.6 | G5: 65.7 | H5: 59.5 | I5: 69.1 | J5: 54.9 | K5: 52 | L5: 60.8 | M5: 63.7
A6: 5 | B6: Çevre Ölçüm Noktası 2 | C6: 29 | D6: 19:52:45 | E6: 19:57:58 | F6: 75 | G6: 70.4 | H6: 66.5 | I6: 72.9 | J6: 63.3 | K6: 58.7 | L6: 65.3 | M6: 67.1
A7: 6 | B7: Çevre Ölçüm Noktası 3 | C7: 31 | D7: 20:07:16 | E7: 20:12:16 | F7: 75.6 | G7: 72.1 | H7: 68.5 | I7: 74.5 | J7: 63.2 | K7: 58.1 | L7: 65.1 | M7: 68.4

Sheet Gece Arka Plan
A1: Nokta Sayısı | B1: Ölçüm Noktası | C1: Data No | D1: Ölçüm Başlangıç | E1: Ölçüm Bitiş | F1: LC MAX | G1: LAFmaxtt | H1: LASmaxtt | I1: LAImaxtt | J1: LAItt | K1: LAtt | L1: LCtt | M1: LZtt | N1: L10 | O1: L 95 | P1: 63 Hz | Q1: 80 Hz | R1: 100 Hz | S1: 125 Hz | T1: 160 Hz | U1: 200 Hz | V1: 250 Hz
A2: 4 | B2: Çevre Ölçüm Noktası 1 [ARKA PLAN] | C2: 28 | D2: 23:44:07 | E2: 23:49:19 | F2: 67.4 | G2: 65.6 | H2: 61 | I2: 67.6 | J2: 56.3 | K2: 51.1 | L2: 54.8 | M2: 58.5
A3: 5 | B3: Çevre Ölçüm Noktası 2 [ARKA PLAN] | C3: 30 | D3: 20:00:26 | E3: 20:07:00 | F3: 84.6 | G3: 73.5 | H3: 70.5 | I3: 75.9 | J3: 62.4 | K3: 57.7 | L3: 65.8 | M3: 74.6
A4: 6 | B4: Çevre Ölçüm Noktası 3 [ARKA PLAN] | C4: 32 | D4: 20:14:28 | E4: 20:19:28 | F4: 73.1 | G4: 67.7 | H4: 62.1 | I4: 70.8 | J4: 59.7 | K4: 55.6 | L4: 63.4 | M4: 65.3

Sheet Gürültü Kaynaklar
A1: No | B1: Bulunduğu Yer | C1: Cinsi | D1: Markası | E1: Modeli | F1: Ses Gücü | G1: Adedi | H1: Diğer

Sheet Çevre Şartları
A1: Nokta No. | B1: Ölçüm Yeri Tanımı | C1: Sıcaklık, °C | D1: Nem, % | E1: Rüzgar Hızı, | F1: Rüzgar Yönü | G1: Hava Durumu
E2: m/sn
A3: Gündüz Ölçümü
A4: =Gündüz!A5 -> 4 | B4: =Gündüz!B5 -> Çevre Ölçüm Noktası 1
A5: =Gündüz!A6 -> 5 | B5: =Gündüz!B6 -> Çevre Ölçüm Noktası 2
A6: =Gündüz!A7 -> 6 | B6: =Gündüz!B7 -> Çevre Ölçüm Noktası 3
A7: Akşam Ölçümü
A8: =Akşam!A5 -> 4 | B8: =Akşam!B5 -> Çevre Ölçüm Noktası 1
A9: =Akşam!A6 -> 5 | B9: =Akşam!B6 -> Çevre Ölçüm Noktası 2
A10: =Akşam!A7 -> 6 | B10: =Akşam!B7 -> Çevre Ölçüm Noktası 3
A11: Gece Ölçümü
A12: =Gece!A5 -> 4 | B12: =Gece!B5 -> Çevre Ölçüm Noktası 1
A13: =Gece!A6 -> 5 | B13: =Gece!B6 -> Çevre Ölçüm Noktası 2
A14: =Gece!A7 -> 6 | B14: =Gece!B7 -> Çevre Ölçüm Noktası 3

Sheet İşletme Faaliyetteyken
A1: GÜRÜLTÜ ÖLÇÜM SONUÇLARI
A2: Ölçüm Anı | B2: Nokta No. | C2: Ölçüm Noktası Konumu | D2: Başlama | E2: Bitiş | F2: Ölçüm Sonuçları, dB
F3: A-Ağırlıklama | I3: C- Ağırlıklama
F5: Leq | G5: L10 | H5: L95 | I5: Leq | J5: lc max
A6: Kaynak Çalışırken (Gündüz)
A7: İşletme Faaliyette İken (Müzik Varken) | B7: =Gündüz!A2 -> 1 | C7: =Gündüz!B2 -> İşletme İçi 1. Ölçüm Noktası | D7: =Gündüz!D2 -> 17:16:15 | E7: =Gündüz!E2 -> 17:21:49 | F7: =Gündüz!K2 -> 62.3 | G7: =Gündüz!N2 -> 0 | H7: =Gündüz!O2 -> 0 | I7: =Gündüz!L2 -> 68.4 | J7: =Gündüz!F2 -> 84.7
B8: =Gündüz!A3 -> 2 | C8: =Gündüz!B3 -> İşletme İçi 2. Ölçüm Noktası | D8: =Gündüz!D3 -> 17:22:15 | E8: =Gündüz!E3 -> 17:27:15 | F8: =Gündüz!K3 -> 59.2 | G8: =Gündüz!N3 -> 0 | H8: =Gündüz!O3 -> 0 | I8: =Gündüz!L3 -> 66.8 | J8: =Gündüz!F3 -> 87
B9: =Gündüz!A4 -> 3 | C9: =Gündüz!B4 -> İşletme İçi 3. Ölçüm Noktası | D9: =Gündüz!D4 -> 17:28:02 | E9: =Gündüz!E4 -> 17:33:26 | F9: =Gündüz!K4 -> 63.9 | G9: =Gündüz!N4 -> 0 | H9: =Gündüz!O4 -> 0 | I9: =Gündüz!L4 -> 68.3 | J9: =Gündüz!F4 -> 81.2
B10: =Gündüz!A5 -> 4 | C10: =Gündüz!B5 -> Çevre Ölçüm Noktası 1 | D10: =Gündüz!D5 -> 17:58:40 | E10: =Gündüz!E5 -> 18:03:40 | F10: =Gündüz!K5 -> 57.9 | G10: =Gündüz!N5 -> 0 | H10: =Gündüz!O5 -> 0 | I10: =Gündüz!L5 -> 63.9 | J10: =Gündüz!F5 -> 76.3
B11: =Gündüz!A6 -> 5 | C11: =Gündüz!B6 -> Çevre Ölçüm Noktası 2 | D11: =Gündüz!D6 -> 17:34:04 | E11: =Gündüz!E6 -> 17:39:04 | F11: =Gündüz!K6 -> 62 | G11: =Gündüz!N6 -> 0 | H11: =Gündüz!O6 -> 0 | I11: =Gündüz!L6 -> 67.1 | J11: =Gündüz!F6 -> 80.4
B12: =Gündüz!A7 -> 6 | C12: =Gündüz!B7 -> Çevre Ölçüm Noktası 3 | D12: =Gündüz!D7 -> 17:46:26 | E12: =Gündüz!E7 -> 17:51:37 | F12: =Gündüz!K7 -> 59.3 | G12: =Gündüz!N7 -> 0 | H12: =Gündüz!O7 -> 0 | I12: =Gündüz!L7 -> 65.9 | J12: =Gündüz!F7 -> 82.9
A18: GÜRÜLTÜ ÖLÇÜM SONUÇLARI
A19: Ölçüm Anı | B19: Nokta No. | C19: Ölçüm Noktası Konumu | D19: Başlama | E19: Bitiş | F19: Ölçüm Sonuçları, dB
F20: A-Ağırlıklama | I20: C- Ağırlıklama
F22: Leq | G22: L10 | H22: L95 | I22: Leq | J22: lc max
A23: Kaynak Çalışırken (Akşam)
A24: İşletme Faaliyette İken (Müzik Varken) | B24: =Akşam!A2 -> 1 | C24: =Akşam!B2 -> İşletme İçi 1. Ölçüm Noktası | D24: =Akşam!D2 -> 19:12:39 | E24: =Akşam!E2 -> 19:17:39 | F24: =Akşam!K2 -> 59.3 | G24: =Akşam!N2 -> 0 | H24: =Akşam!O2 -> 0 | I24: =Akşam!L2 -> 66.5 | J24: =Akşam!F2 -> 87.4
B25: =Akşam!A3 -> 2 | C25: =Akşam!B3 -> İşletme İçi 2. Ölçüm Noktası | D25: =Akşam!D3 -> 18:10:56 | E25: =Akşam!E3 -> 18:15:56 | F25: =Akşam!K3 -> 54.4 | G25: =Akşam!N3 -> 0 | H25: =Akşam!O3 -> 0 | I25: =Akşam!L3 -> 62.7 | J25: =Akşam!F3 -> 72.4
B26: =Akşam!A4 -> 3 | C26: =Akşam!B4 -> İşletme İçi 3. Ölçüm Noktası | D26: =Akşam!D4 -> 18:25:02 | E26: =Akşam!E4 -> 18:30:47 | F26: =Akşam!K4 -> 54.7 | G26: =Akşam!N4 -> 0 | H26: =Akşam!O4 -> 0 | I26: =Akşam!L4 -> 64.1 | J26: =Akşam!F4 -> 83.6
B27: =Akşam!A5 -> 4 | C27: =Akşam!B5 -> Çevre Ölçüm Noktası 1 | D27: =Akşam!D5 -> 19:46:56 | E27: =Akşam!E5 -> 19:52:23 | F27: =Akşam!K5 -> 60.2 | G27: =Akşam!N5 -> 0 | H27: =Akşam!O5 -> 0 | I27: =Akşam!L5 -> 64.9 | J27: =Akşam!F5 -> 75.2
B28: =Akşam!A6 -> 5 | C28: =Akşam!B6 -> Çevre Ölçüm Noktası 2 | D28: =Akşam!D6 -> 18:31:04 | E28: =Akşam!E6 -> 18:36:04 | F28: =Akşam!K6 -> 53.5 | G28: =Akşam!N6 -> 0 | H28: =Akşam!O6 -> 0 | I28: =Akşam!L6 -> 64.3 | J28: =Akşam!F6 -> 92.2
B29: =Akşam!A7 -> 6 | C29: =Akşam!B7 -> Çevre Ölçüm Noktası 3 | D29: =Akşam!D7 -> 19:12:39 | E29: =Akşam!E7 -> 19:17:39 | F29: =Akşam!K7 -> 59.3 | G29: =Akşam!N7 -> 0 | H29: =Akşam!O7 -> 0 | I29: =Akşam!L7 -> 66.5 | J29: =Akşam!F7 -> 87.4
A35: GÜRÜLTÜ ÖLÇÜM SONUÇLARI
A36: Ölçüm Anı | B36: Nokta No. | C36: Ölçüm Noktası Konumu | D36: Başlama | E36: Bitiş | F36: Ölçüm Sonuçları, dB
F37: A-Ağırlıklama | I37: C- Ağırlıklama
F39: Leq | G39: L10 | H39: L95 | I39: Leq | J39: lc max
A40: Kaynak Çalışırken (Gece)
A41: İşletme Faaliyette İken (Müzik Varken) | B41: =Gece!A2 -> 1 | C41: =Gece!B2 -> İşletme İçi 1. Ölçüm Noktası | D41: =Gece!D2 -> 23:04:28 | E41: =Gece!E2 -> 23:09:40 | F41: =Gece!K2 -> 62 | G41: =Gece!N2 -> 0 | H41: =Gece!O2 -> 0 | I41: =Gece!L2 -> 66.8 | J41: =Gece!F2 -> 87.2
B42: =Gece!A3 -> 2 | C42: =Gece!B3 -> İşletme İçi 2. Ölçüm Noktası | D42: =Gece!D3 -> 19:41:14 | E42: =Gece!E3 -> 19:46:14 | F42: =Gece!K3 -> 56 | G42: =Gece!N3 -> 0 | H42: =Gece!O3 -> 0 | I42: =Gece!L3 -> 62.1 | J42: =Gece!F3 -> 72.7
B43: =Gece!A4 -> 3 | C43: =Gece!B4 -> İşletme İçi 3. Ölçüm Noktası | D43: =Gece!D4 -> 19:46:56 | E43: =Gece!E4 -> 19:52:23 | F43: =Gece!K4 -> 60.2 | G43: =Gece!N4 -> 0 | H43: =Gece!O4 -> 0 | I43: =Gece!L4 -> 64.9 | J43: =Gece!F4 -> 75.2
B44: =Gece!A5 -> 4 | C44: =Gece!B5 -> Çevre Ölçüm Noktası 1 | D44: =Gece!D5 -> 23:49:30 | E44: =Gece!E5 -> 23:55:13 | F44: =Gece!K5 -> 52 | G44: =Gece!N5 -> 0 | H44: =Gece!O5 -> 0 | I44: =Gece!L5 -> 60.8 | J44: =Gece!F5 -> 69.6
B45: =Gece!A6 -> 5 | C45: =Gece!B6 -> Çevre Ölçüm Noktası 2 | D45: =Gece!D6 -> 19:52:45 | E45: =Gece!E6 -> 19:57:58 | F45: =Gece!K6 -> 58.7 | G45: =Gece!N6 -> 0 | H45: =Gece!O6 -> 0 | I45: =Gece!L6 -> 65.3 | J45: =Gece!F6 -> 75
B46: =Gece!A7 -> 6 | C46: =Gece!B7 -> Çevre Ölçüm Noktası 3 | D46: =Gece!D7 -> 20:07:16 | E46: =Gece!E7 -> 20:12:16 | F46: =Gece!K7 -> 58.1 | G46: =Gece!N7 -> 0 | H46: =Gece!O7 -> 0 | I46: =Gece!L7 -> 65.1 | J46: =Gece!F7 -> 75.6

Sheet İşletme Faaliyette Değilken
A1: GÜRÜLTÜ ÖLÇÜM SONUÇLARI
A2: Ölçüm Anı | B2: Nokta No. | C2: Ölçüm Noktası Konumu | D2: Başlama | E2: Bitiş | F2: Ölçüm Sonuçları, dB
F3: A-Ağırlıklama | I3: C- Ağırlıklama
F5: Leq | G5: L10 | H5: L95 | I5: Leq | J5: lc max
A6: Kaynak Çalışmazken (Gündüz)
A7: İşletme Faaliyette İken (Müzik Yokken) | B7: ='Gündüz Arka Plan'!A2 -> 4 | C7: ='Gündüz Arka Plan'!B2 -> Çevre Ölçüm Noktası 1 [ARKA PLAN] | D7: ='Gündüz Arka Plan'!D2 -> 17:53:07 | E7: ='Gündüz Arka Plan'!E2 -> 17:58:07 | F7: ='Gündüz Arka Plan'!K2 -> 57.2 | G7: ='Gündüz Arka Plan'!N2 -> 0 | H7: ='Gündüz Arka Plan'!O2 -> 0 | I7: ='Gündüz Arka Plan'!L2 -> 64.3 | J7: ='Gündüz Arka Plan'!F2 -> 73.8
B8: ='Gündüz Arka Plan'!A3 -> 5 | C8: ='Gündüz Arka Plan'!B3 -> Çevre Ölçüm Noktası 2 [ARKA PLAN] | D8: ='Gündüz Arka Plan'!D3 -> 17:39:16 | E8: ='Gündüz Arka Plan'!E3 -> 17:44:16 | F8: ='Gündüz Arka Plan'!K3 -> 62.4 | G8: ='Gündüz Arka Plan'!N3 -> 0 | H8: ='Gündüz Arka Plan'!O3 -> 0 | I8: ='Gündüz Arka Plan'!L3 -> 67.5 | J8: ='Gündüz Arka Plan'!F3 -> 78.2
B9: ='Gündüz Arka Plan'!A4 -> 6 | C9: ='Gündüz Arka Plan'!B4 -> Çevre Ölçüm Noktası 3 [ARKA PLAN] | D9: ='Gündüz Arka Plan'!D4 -> 17:53:07 | E9: ='Gündüz Arka Plan'!E4 -> 17:58:07 | F9: ='Gündüz Arka Plan'!K4 -> 57.2 | G9: ='Gündüz Arka Plan'!N4 -> 0 | H9: ='Gündüz Arka Plan'!O4 -> 0 | I9: ='Gündüz Arka Plan'!L4 -> 64.3 | J9: ='Gündüz Arka Plan'!F4 -> 73.8
A15: GÜRÜLTÜ ÖLÇÜM SONUÇLARI
A16: Ölçüm Anı | B16: Nokta No. | C16: Ölçüm Noktası Konumu | D16: Başlama | E16: Bitiş | F16: Ölçüm Sonuçları, dB
F17: A-Ağırlıklama | I17: C- Ağırlıklama
F19: Leq | G19: L10 | H19: L95 | I19: Leq | J19: lc max
A20: Kaynak Çalışmazken (Akşam)
A21: İşletme Faaliyette İken (Müzik Yokken) | B21: ='Akşam Arka Plan'!A2 -> 4 | C21: ='Akşam Arka Plan'!B2 -> Çevre Ölçüm Noktası 1 [ARKA PLAN] | D21: ='Akşam Arka Plan'!D2 -> 19:52:45 | E21: ='Akşam Arka Plan'!E2 -> 19:57:58 | F21: ='Akşam Arka Plan'!K2 -> 58.7 | G21: ='Akşam Arka Plan'!N2 -> 0 | H21: ='Akşam Arka Plan'!O2 -> 0 | I21: ='Akşam Arka Plan'!L2 -> 65.3 | J21: ='Akşam Arka Plan'!F2 -> 75
B22: ='Akşam Arka Plan'!A3 -> 5 | C22: ='Akşam Arka Plan'!B3 -> Çevre Ölçüm Noktası 2 [ARKA PLAN] | D22: ='Akşam Arka Plan'!D3 -> 19:18:35 | E22: ='Akşam Arka Plan'!E3 -> 19:23:35 | F22: ='Akşam Arka Plan'!K3 -> 58.4 | G22: ='Akşam Arka Plan'!N3 -> 0 | H22: ='Akşam Arka Plan'!O3 -> 0 | I22: ='Akşam Arka Plan'!L3 -> 65.8 | J22: ='Akşam Arka Plan'!F3 -> 86.7
B23: ='Akşam Arka Plan'!A4 -> 6 | C23: ='Akşam Arka Plan'!B4 -> Çevre Ölçüm Noktası 3 [ARKA PLAN] | D23: ='Akşam Arka Plan'!D4 -> 19:23:56 | E23: ='Akşam Arka Plan'!E4 -> 19:29:07 | F23: ='Akşam Arka Plan'!K4 -> 60.6 | G23: ='Akşam Arka Plan'!N4 -> 0 | H23: ='Akşam Arka Plan'!O4 -> 0 | I23: ='Akşam Arka Plan'!L4 -> 67.4 | J23: ='Akşam Arka Plan'!F4 -> 91
A29: GÜRÜLTÜ ÖLÇÜM SONUÇLARI
A30: Ölçüm Anı | B30: Nokta No. | C30: Ölçüm Noktası Konumu | D30: Başlama | E30: Bitiş | F30: Ölçüm Sonuçları, dB
F31: A-Ağırlıklama | I31: C- Ağırlıklama
F33: Leq | G33: L10 | H33: L95 | I33: Leq | J33: lc max
A34: Kaynak Çalışmazken (Gece)
A35: İşletme Faaliyette İken (Müzik Yokken) | B35: ='Gece Arka Plan'!A2 -> 4 | C35: ='Gece Arka Plan'!B2 -> Çevre Ölçüm Noktası 1 [ARKA PLAN] | D35: ='Gece Arka Plan'!D2 -> 23:44:07 | E35: ='Gece Arka Plan'!E2 -> 23:49:19 | F35: ='Gece Arka Plan'!K2 -> 51.1 | G35: ='Gece Arka Plan'!N2 -> 0 | H35: ='Gece Arka Plan'!O2 -> 0 | I35: ='Gece Arka Plan'!L2 -> 54.8 | J35: ='Gece Arka Plan'!F2 -> 67.4
B36: ='Gece Arka Plan'!A3 -> 5 | C36: ='Gece Arka Plan'!B3 -> Çevre Ölçüm Noktası 2 [ARKA PLAN] | D36: ='Gece Arka Plan'!D3 -> 20:00:26 | E36: ='Gece Arka Plan'!E3 -> 20:07:00 | F36: ='Gece Arka Plan'!K3 -> 57.7 | G36: ='Gece Arka Plan'!N3 -> 0 | H36: ='Gece Arka Plan'!O3 -> 0 | I36: ='Gece Arka Plan'!L3 -> 65.8 | J36: ='Gece Arka Plan'!F3 -> 84.6
B37: ='Gece Arka Plan'!A4 -> 6 | C37: ='Gece Arka Plan'!B4 -> Çevre Ölçüm Noktası 3 [ARKA PLAN] | D37: ='Gece Arka Plan'!D4 -> 20:14:28 | E37: ='Gece Arka Plan'!E4 -> 20:19:28 | F37: ='Gece Arka Plan'!K4 -> 55.6 | G37: ='Gece Arka Plan'!N4 -> 0 | H37: ='Gece Arka Plan'!O4 -> 0 | I37: ='Gece Arka Plan'!L4 -> 63.4 | J37: ='Gece Arka Plan'!F4 -> 73.1

Sheet Darbesellik
A1: Nokta No. | B1: Ölçüm Noktası Konumu | C1: LAFmax (dB) | D1: LAImax (dB) | E1: Fark, dB | F1: KI, dB
A2: Gündüz Zaman Dilimi
A3: =Gündüz!A2 -> 1 | B3: =Gündüz!B2 -> İşletme İçi 1. Ölçüm Noktası | C3: =Gündüz!G2 -> 75.8 | D3: =Gündüz!I2 -> 78 | E3: =D3-C3 -> 2.2 | F3: =E3-2 -> 0.2
A4: =Gündüz!A3 -> 2 | B4: =Gündüz!B3 -> İşletme İçi 2. Ölçüm Noktası | C4: =Gündüz!G3 -> 73 | D4: =Gündüz!I3 -> 75.8 | E4: =D4-C4 -> 2.8 | F4: =E4-2 -> 0.8
A5: =Gündüz!A4 -> 3 | B5: =Gündüz!B4 -> İşletme İçi 3. Ölçüm Noktası | C5: =Gündüz!G4 -> 78.6 | D5: =Gündüz!I4 -> 81.9 | E5: =D5-C5 -> 3.3 | F5: =E5-2 -> 1.3
A6: =Gündüz!A5 -> 4 | B6: =Gündüz!B5 -> Çevre Ölçüm Noktası 1 | C6: =Gündüz!G5 -> 72.7 | D6: =Gündüz!I5 -> 74.1 | E6: =D6-C6 -> 1.4 | F6: =E6-2 -> -0.6
A7: =Gündüz!A6 -> 5 | B7: =Gündüz!B6 -> Çevre Ölçüm Noktası 2 | C7: =Gündüz!G6 -> 81.7 | D7: =Gündüz!I6 -> 85.8 | E7: =D7-C7 -> 4.1 | F7: =E7-2 -> 2.1
A8: =Gündüz!A7 -> 6 | B8: =Gündüz!B7 -> Çevre Ölçüm Noktası 3 | C8: =Gündüz!G7 -> 76.9 | D8: =Gündüz!I7 -> 80.8 | E8: =D8-C8 -> 3.9 | F8: =E8-2 -> 1.9
A9: Akşam Zaman Dilimi
A10: =Akşam!A2 -> 1 | B10: =Akşam!B2 -> İşletme İçi 1. Ölçüm Noktası | C10: =Akşam!G2 -> 74 | D10: =Akşam!I2 -> 76.4 | E10: =D10-C10 -> 2.4 | F10: =E10-2 -> 0.4
A11: =Akşam!A3 -> 2 | B11: =Akşam!B3 -> İşletme İçi 2. Ölçüm Noktası | C11: =Akşam!G3 -> 66.1 | D11: =Akşam!I3 -> 67.9 | E11: =D11-C11 -> 1.8 | F11: =E11-2 -> -0.2
A12: =Akşam!A4 -> 3 | B12: =Akşam!B4 -> İşletme İçi 3. Ölçüm Noktası | C12: =Akşam!G4 -> 67.3 | D12: =Akşam!I4 -> 70.7 | E12: =D12-C12 -> 3.4 | F12: =E12-2 -> 1.4
A13: =Akşam!A5 -> 4 | B13: =Akşam!B5 -> Çevre Ölçüm Noktası 1 | C13: =Akşam!G5 -> 74.1 | D13: =Akşam!I5 -> 75.3 | E13: =D13-C13 -> 1.2 | F13: =E13-2 -> -0.8
A14: =Akşam!A6 -> 5 | B14: =Akşam!B6 -> Çevre Ölçüm Noktası 2 | C14: =Akşam!G6 -> 78.7 | D14: =Akşam!I6 -> 84.1 | E14: =D14-C14 -> 5.4 | F14: =E14-2 -> 3.4
A15: =Akşam!A7 -> 6 | B15: =Akşam!B7 -> Çevre Ölçüm Noktası 3 | C15: =Akşam!G7 -> 74 | D15: =Akşam!I7 -> 76.4 | E15: =D15-C15 -> 2.4 | F15: =E15-2 -> 0.4
A16: Gece Zaman Dilimi
A17: =Gece!A2 -> 1 | B17: =Gece!B2 -> İşletme İçi 1. Ölçüm Noktası | C17: =Gece!G2 -> 78 | D17: =Gece!I2 -> 80.6 | E17: =D17-C17 -> 2.6 | F17: =E17-2 -> 0.6
A18: =Gece!A3 -> 2 | B18: =Gece!B3 -> İşletme İçi 2. Ölçüm Noktası | C18: =Gece!G3 -> 73.1 | D18: =Gece!I3 -> 76.7 | E18: =D18-C18 -> 3.6 | F18: =E18-2 -> 1.6
A19: =Gece!A4 -> 3 | B19: =Gece!B4 -> İşletme İçi 3. Ölçüm Noktası | C19: =Gece!G4 -> 74.1 | D19: =Gece!I4 -> 75.3 | E19: =D19-C19 -> 1.2 | F19: =E19-2 -> -0.8
A20: =Gece!A5 -> 4 | B20: =Gece!B5 -> Çevre Ölçüm Noktası 1 | C20: =Gece!G5 -> 65.7 | D20: =Gece!I5 -> 69.1 | E20: =D20-C20 -> 3.4 | F20: =E20-2 -> 1.4
A21: =Gece!A6 -> 5 | B21: =Gece!B6 -> Çevre Ölçüm Noktası 2 | C21: =Gece!G6 -> 70.4 | D21: =Gece!I6 -> 72.9 | E21: =D21-C21 -> 2.5 | F21: =E21-2 -> 0.5
A22: =Gece!A7 -> 6 | B22: =Gece!B7 -> Çevre Ölçüm Noktası 3 | C22: =Gece!G7 -> 72.1 | D22: =Gece!I7 -> 74.5 | E22: =D22-C22 -> 2.4 | F22: =E22-2 -> 0.4

Sheet Düşük Frekans
A1: Nokta No. | B1: Ölçüm Noktası Konumu | C1: Leq (dBA) | D1: Leq (dBC) | E1: dBC – dBA | F1: Ks, dB
A2: Gündüz Zaman Dilimi
A3: =Gündüz!A2 -> 1 | B3: =Gündüz!B2 -> İşletme İçi 1. Ölçüm Noktası | C3: =Gündüz!K2 -> 62.3 | D3: =Gündüz!L2 -> 68.4 | E3: =D3-C3 -> 6.1 | F3: 0
A4: =Gündüz!A3 -> 2 | B4: =Gündüz!B3 -> İşletme İçi 2. Ölçüm Noktası | C4: =Gündüz!K3 -> 59.2 | D4: =Gündüz!L3 -> 66.8 | E4: =D4-C4 -> 7.6 | F4: 0
A5: =Gündüz!A4 -> 3 | B5: =Gündüz!B4 -> İşletme İçi 3. Ölçüm Noktası | C5: =Gündüz!K4 -> 63.9 | D5: =Gündüz!L4 -> 68.3 | E5: =D5-C5 -> 4.4 | F5: 0
A6: =Gündüz!A5 -> 4 | B6: =Gündüz!B5 -> Çevre Ölçüm Noktası 1 | C6: =Gündüz!K5 -> 57.9 | D6: =Gündüz!L5 -> 63.9 | E6: =D6-C6 -> 6 | F6: 0
A7: =Gündüz!A6 -> 5 | B7: =Gündüz!B6 -> Çevre Ölçüm Noktası 2 | C7: =Gündüz!K6 -> 62 | D7: =Gündüz!L6 -> 67.1 | E7: =D7-C7 -> 5.1 | F7: 0
A8: =Gündüz!A7 -> 6 | B8: =Gündüz!B7 -> Çevre Ölçüm Noktası 3 | C8: =Gündüz!K7 -> 59.3 | D8: =Gündüz!L7 -> 65.9 | E8: =D8-C8 -> 6.6 | F8: 0
A9: Akşam Zaman Dilimi
A10: =Akşam!A2 -> 1 | B10: =Akşam!B2 -> İşletme İçi 1. Ölçüm Noktası | C10: =Akşam!K2 -> 59.3 | D10: =Akşam!L2 -> 66.5 | E10: =D10-C10 -> 7.2 | F10: 0
A11: =Akşam!A3 -> 2 | B11: =Akşam!B3 -> İşletme İçi 2. Ölçüm Noktası | C11: =Akşam!K3 -> 54.4 | D11: =Akşam!L3 -> 62.7 | E11: =D11-C11 -> 8.3 | F11: 0
A12: =Akşam!A4 -> 3 | B12: =Akşam!B4 -> İşletme İçi 3. Ölçüm Noktası | C12: =Akşam!K4 -> 54.7 | D12: =Akşam!L4 -> 64.1 | E12: =D12-C12 -> 9.4 | F12: 0
A13: =Akşam!A5 -> 4 | B13: =Akşam!B5 -> Çevre Ölçüm Noktası 1 | C13: =Akşam!K5 -> 60.2 | D13: =Akşam!L5 -> 64.9 | E13: =D13-C13 -> 4.7 | F13: 0
A14: =Akşam!A6 -> 5 | B14: =Akşam!B6 -> Çevre Ölçüm Noktası 2 | C14: =Akşam!K6 -> 53.5 | D14: =Akşam!L6 -> 64.3 | E14: =D14-C14 -> 10.8 | F14: 0
A15: =Akşam!A7 -> 6 | B15: =Akşam!B7 -> Çevre Ölçüm Noktası 3 | C15: =Akşam!K7 -> 59.3 | D15: =Akşam!L7 -> 66.5 | E15: =D15-C15 -> 7.2 | F15: 0
A16: Gece Zaman Dilimi
A17: =Gece!A2 -> 1 | B17: =Gece!B2 -> İşletme İçi 1. Ölçüm Noktası | C17: =Gece!K2 -> 62 | D17: =Gece!L2 -> 66.8 | E17: =D17-C17 -> 4.8 | F17: 0
A18: =Gece!A3 -> 2 | B18: =Gece!B3 -> İşletme İçi 2. Ölçüm Noktası | C18: =Gece!K3 -> 56 | D18: =Gece!L3 -> 62.1 | E18: =D18-C18 -> 6.1 | F18: 0
A19: =Gece!A4 -> 3 | B19: =Gece!B4 -> İşletme İçi 3. Ölçüm Noktası | C19: =Gece!K4 -> 60.2 | D19: =Gece!L4 -> 64.9 | E19: =D19-C19 -> 4.7 | F19: 0
A20: =Gece!A5 -> 4 | B20: =Gece!B5 -> Çevre Ölçüm Noktası 1 | C20: =Gece!K5 -> 52 | D20: =Gece!L5 -> 60.8 | E20: =D20-C20 -> 8.8 | F20: 0
A21: =Gece!A6 -> 5 | B21: =Gece!B6 -> Çevre Ölçüm Noktası 2 | C21: =Gece!K6 -> 58.7 | D21: =Gece!L6 -> 65.3 | E21: =D21-C21 -> 6.6 | F21: 0
A22: =Gece!A7 -> 6 | B22: =Gece!B7 -> Çevre Ölçüm Noktası 3 | C22: =Gece!K7 -> 58.1 | D22: =Gece!L7 -> 65.1 | E22: =D22-C22 -> 7 | F22: 0

Sheet Saf Kaynak Gürültüsü
A1: Nokta No. | B1: Ölçüm Noktası Konumu | C1: Leq (dBA) | D1: Arka Plan Leq (dBA) | E1: Aritmetik Fark | F1: Saf Kaynak
A3: Gündüz Zaman Dilimi
A4: =Gündüz!A5 -> 4 | B4: =Gündüz!B5 -> Çevre Ölçüm Noktası 1 | C4: =Gündüz!K5 -> 57.9 | D4: ='Gündüz Arka Plan'!K2 -> 57.2 | E4: =C4-D4 -> 0.7 | F4: =IF(OR(D4+3>=C4),C4,LOG10((10^(C4/10))-(10^(D4/10)))*10) -> 57.9
A5: =Gündüz!A6 -> 5 | B5: =Gündüz!B6 -> Çevre Ölçüm Noktası 2 | C5: =Gündüz!K6 -> 62 | D5: ='Gündüz Arka Plan'!K3 -> 62.4 | E5: =C5-D5 -> -0.4 | F5: =IF(OR(D5+3>=C5),C5,LOG10((10^(C5/10))-(10^(D5/10)))*10) -> 62
A6: =Gündüz!A7 -> 6 | B6: =Gündüz!B7 -> Çevre Ölçüm Noktası 3 | C6: =Gündüz!K7 -> 59.3 | D6: ='Gündüz Arka Plan'!K4 -> 57.2 | E6: =C6-D6 -> 2.1 | F6: =IF(OR(D6+3>=C6),C6,LOG10((10^(C6/10))-(10^(D6/10)))*10) -> 59.3
A7: Akşam Zaman Dilimi
A8: =Akşam!A5 -> 4 | B8: =Akşam!B5 -> Çevre Ölçüm Noktası 1 | C8: =Akşam!K5 -> 60.2 | D8: ='Akşam Arka Plan'!K2 -> 58.7 | E8: =C8-D8 -> 1.5 | F8: =IF(OR(D8+3>=C8),C8,LOG10((10^(C8/10))-(10^(D8/10)))*10) -> 60.2
A9: =Akşam!A6 -> 5 | B9: =Akşam!B6 -> Çevre Ölçüm Noktası 2 | C9: =Akşam!K6 -> 53.5 | D9: ='Akşam Arka Plan'!K3 -> 58.4 | E9: =C9-D9 -> -4.9 | F9: =IF(OR(D9+3>=C9),C9,LOG10((10^(C9/10))-(10^(D9/10)))*10) -> 53.5
A10: =Akşam!A7 -> 6 | B10: =Akşam!B7 -> Çevre Ölçüm Noktası 3 | C10: =Akşam!K7 -> 59.3 | D10: ='Akşam Arka Plan'!K4 -> 60.6 | E10: =C10-D10 -> -1.3 | F10: =IF(OR(D10+3>=C10),C10,LOG10((10^(C10/10))-(10^(D10/10)))*10) -> 59.3
A11: Gece Zaman Dilimi
A12: =Gece!A5 -> 4 | B12: =Gece!B5 -> Çevre Ölçüm Noktası 1 | C12: =Gece!K5 -> 52 | D12: ='Gece Arka Plan'!K2 -> 51.1 | E12: =C12-D12 -> 0.9 | F12: =IF(OR(D12+3>=C12),C12,LOG10((10^(C12/10))-(10^(D12/10)))*10) -> 52
A13: =Gece!A6 -> 5 | B13: =Gece!B6 -> Çevre Ölçüm Noktası 2 | C13: =Gece!K6 -> 58.7 | D13: ='Gece Arka Plan'!K3 -> 57.7 | E13: =C13-D13 -> 1 | F13: =IF(OR(D13+3>=C13),C13,LOG10((10^(C13/10))-(10^(D13/10)))*10) -> 58.7
A14: =Gece!A7 -> 6 | B14: =Gece!B7 -> Çevre Ölçüm Noktası 3 | C14: =Gece!K7 -> 58.1 | D14: ='Gece Arka Plan'!K4 -> 55.6 | E14: =C14-D14 -> 2.5 | F14: =IF(OR(D14+3>=C14),C14,LOG10((10^(C14/10))-(10^(D14/10)))*10) -> 58.1

Sheet Ses Etkilenim Seviyesi (Lr)
A1: Nokta No. | B1: Ölçüm Noktası Konumu | C1: Ln+s | D1: Ln | E1: (Ls) | F1: Eklenecek Değerler | I1: Lr
F2: KI, dBA | G2: KT, dBA | H2: KS, dBA
A3: Gündüz Zaman Dilimi
A4: =Gündüz!A5 -> 4 | B4: =Gündüz!B5 -> Çevre Ölçüm Noktası 1 | C4: =Gündüz!K5 -> 57.9 | D4: ='Gündüz Arka Plan'!K2 -> 57.2 | E4: ='Saf Kaynak Gürültüsü'!F4 -> 57.9 | F4: =Darbesellik!F6 -> -0.6 | G4: 0 | H4: ='Düşük Frekans'!F6 -> 0 | I4: =E4+F4+G4+H4 -> 57.3
A5: =Gündüz!A6 -> 5 | B5: =Gündüz!B6 -> Çevre Ölçüm Noktası 2 | C5: =Gündüz!K6 -> 62 | D5: ='Gündüz Arka Plan'!K3 -> 62.4 | E5: ='Saf Kaynak Gürültüsü'!F5 -> 62 | F5: =Darbesellik!F7 -> 2.1 | G5: 0 | H5: ='Düşük Frekans'!F7 -> 0 | I5: =E5+F5+G5+H5 -> 64.1
A6: =Gündüz!A7 -> 6 | B6: =Gündüz!B7 -> Çevre Ölçüm Noktası 3 | C6: =Gündüz!K7 -> 59.3 | D6: ='Gündüz Arka Plan'!K4 -> 57.2 | E6: ='Saf Kaynak Gürültüsü'!F6 -> 59.3 | F6: =Darbesellik!F8 -> 1.9 | G6: 0 | H6: ='Düşük Frekans'!F8 -> 0 | I6: =E6+F6+G6+H6 -> 61.2
A7: Akşam Zaman Dilimi
A8: =Akşam!A5 -> 4 | B8: =Akşam!B5 -> Çevre Ölçüm Noktası 1 | C8: =Akşam!K5 -> 60.2 | D8: ='Akşam Arka Plan'!K2 -> 58.7 | E8: ='Saf Kaynak Gürültüsü'!F8 -> 60.2 | F8: =Darbesellik!F13 -> -0.8 | G8: 0 | H8: ='Düşük Frekans'!F13 -> 0 | I8: =E8+F8+G8+H8 -> 59.4
A9: =Akşam!A6 -> 5 | B9: =Akşam!B6 -> Çevre Ölçüm Noktası 2 | C9: =Akşam!K6 -> 53.5 | D9: ='Akşam Arka Plan'!K3 -> 58.4 | E9: ='Saf Kaynak Gürültüsü'!F9 -> 53.5 | F9: =Darbesellik!F14 -> 3.4 | G9: 0 | H9: ='Düşük Frekans'!F14 -> 0 | I9: =E9+F9+G9+H9 -> 56.9
A10: =Akşam!A7 -> 6 | B10: =Akşam!B7 -> Çevre Ölçüm Noktası 3 | C10: =Akşam!K7 -> 59.3 | D10: ='Akşam Arka Plan'!K4 -> 60.6 | E10: ='Saf Kaynak Gürültüsü'!F10 -> 59.3 | F10: =Darbesellik!F15 -> 0.4 | G10: 0 | H10: ='Düşük Frekans'!F15 -> 0 | I10: =E10+F10+G10+H10 -> 59.7
A11: Gece Zaman Dilimi
A12: =Gece!A5 -> 4 | B12: =Gece!B5 -> Çevre Ölçüm Noktası 1 | C12: =Gece!K5 -> 52 | D12: ='Gece Arka Plan'!K2 -> 51.1 | E12: ='Saf Kaynak Gürültüsü'!F12 -> 52 | F12: =Darbesellik!F20 -> 1.4 | G12: 0 | H12: ='Düşük Frekans'!F20 -> 0 | I12: =E12+F12+G12+H12 -> 53.4
A13: =Gece!A6 -> 5 | B13: =Gece!B6 -> Çevre Ölçüm Noktası 2 | C13: =Gece!K6 -> 58.7 | D13: ='Gece Arka Plan'!K3 -> 57.7 | E13: ='Saf Kaynak Gürültüsü'!F13 -> 58.7 | F13: =Darbesellik!F21 -> 0.5 | G13: 0 | H13: ='Düşük Frekans'!F21 -> 0 | I13: =E13+F13+G13+H13 -> 59.2
A14: =Gece!A7 -> 6 | B14: =Gece!B7 -> Çevre Ölçüm Noktası 3 | C14: =Gece!K7 -> 58.1 | D14: ='Gece Arka Plan'!K4 -> 55.6 | E14: ='Saf Kaynak Gürültüsü'!F14 -> 58.1 | F14: =Darbesellik!F22 -> 0.4 | G14: 0 | H14: ='Düşük Frekans'!F22 -> 0 | I14: =E14+F14+G14+H14 -> 58.5

Sheet Sonuç Değerlendirme
A1: Nokta No. | B1: Ölçüm Noktası Konumu | C1: Ln+s | D1: Ln | E1: Ls | F1: Ls-Ln (db A) | G1: ÇGKY EK-2 / Tablo 1 Sınır Değeri dB A
A3: Gündüz Zaman Dilimi
A4: =Gündüz!A5 -> 4 | B4: =Gündüz!B5 -> Çevre Ölçüm Noktası 1 | C4: ='Ses Etkilenim Seviyesi (Lr)'!C4 -> 57.9 | D4: ='Ses Etkilenim Seviyesi (Lr)'!D4 -> 57.2 | E4: ='Ses Etkilenim Seviyesi (Lr)'!I4 -> 57.3 | F4: =E4-D4 -> 0.1 | G4: 5
A5: =Gündüz!A6 -> 5 | B5: =Gündüz!B6 -> Çevre Ölçüm Noktası 2 | C5: ='Ses Etkilenim Seviyesi (Lr)'!C5 -> 62 | D5: ='Ses Etkilenim Seviyesi (Lr)'!D5 -> 62.4 | E5: ='Ses Etkilenim Seviyesi (Lr)'!I5 -> 64.1 | F5: =E5-D5 -> 1.7
A6: =Gündüz!A7 -> 6 | B6: =Gündüz!B7 -> Çevre Ölçüm Noktası 3 | C6: ='Ses Etkilenim Seviyesi (Lr)'!C6 -> 59.3 | D6: ='Ses Etkilenim Seviyesi (Lr)'!D6 -> 57.2 | E6: ='Ses Etkilenim Seviyesi (Lr)'!I6 -> 61.2 | F6: =E6-D6 -> 4
A7: Akşam Zaman Dilimi
A8: =Akşam!A5 -> 4 | B8: =Akşam!B5 -> Çevre Ölçüm Noktası 1 | C8: ='Ses Etkilenim Seviyesi (Lr)'!C8 -> 60.2 | D8: ='Ses Etkilenim Seviyesi (Lr)'!D8 -> 58.7 | E8: ='Ses Etkilenim Seviyesi (Lr)'!I8 -> 59.4 | F8: =E8-D8 -> 0.7 | G8: 5
A9: =Akşam!A6 -> 5 | B9: =Akşam!B6 -> Çevre Ölçüm Noktası 2 | C9: ='Ses Etkilenim Seviyesi (Lr)'!C9 -> 53.5 | D9: ='Ses Etkilenim Seviyesi (Lr)'!D9 -> 58.4 | E9: ='Ses Etkilenim Seviyesi (Lr)'!I9 -> 56.9 | F9: =E9-D9 -> -1.5
A10: =Akşam!A7 -> 6 | B10: =Akşam!B7 -> Çevre Ölçüm Noktası 3 | C10: ='Ses Etkilenim Seviyesi (Lr)'!C10 -> 59.3 | D10: ='Ses Etkilenim Seviyesi (Lr)'!D10 -> 60.6 | E10: ='Ses Etkilenim Seviyesi (Lr)'!I10 -> 59.7 | F10: =E10-D10 -> -0.9
A11: Gece Zaman Dilimi
A12: =Gece!A5 -> 4 | B12: =Gece!B5 -> Çevre Ölçüm Noktası 1 | C12: ='Ses Etkilenim Seviyesi (Lr)'!C12 -> 52 | D12: ='Ses Etkilenim Seviyesi (Lr)'!D12 -> 51.1 | E12: ='Ses Etkilenim Seviyesi (Lr)'!I12 -> 53.4 | F12: =E12-D12 -> 2.3 | G12: 3
A13: =Gece!A6 -> 5 | B13: =Gece!B6 -> Çevre Ölçüm Noktası 2 | C13: ='Ses Etkilenim Seviyesi (Lr)'!C13 -> 58.7 | D13: ='Ses Etkilenim Seviyesi (Lr)'!D13 -> 57.7 | E13: ='Ses Etkilenim Seviyesi (Lr)'!I13 -> 59.2 | F13: =E13-D13 -> 1.5
A14: =Gece!A7 -> 6 | B14: =Gece!B7 -> Çevre Ölçüm Noktası 3 | C14: ='Ses Etkilenim Seviyesi (Lr)'!C14 -> 58.1 | D14: ='Ses Etkilenim Seviyesi (Lr)'!D14 -> 55.6 | E14: ='Ses Etkilenim Seviyesi (Lr)'!I14 -> 58.5 | F14: =E14-D14 -> 2.9

Sheet Bitişik Nizam
A1: Bina İşlevi | B1: Ölçüm Mekanı | C1: Akustik Performans Sınıfı | D1: Ls (dB A) | E1: BGKKHY Ek 4 Tablo 4.1 Sınır Değeri
A3: Gündüz Zaman Dilimi
D4: ='Sonuç Değerlendirme'!E4 -> 57.3
D5: ='Sonuç Değerlendirme'!E5 -> 64.1
D6: ='Sonuç Değerlendirme'!E6 -> 61.2
A7: Akşam Zaman Dilimi
D8: ='Sonuç Değerlendirme'!E8 -> 59.4
D9: ='Sonuç Değerlendirme'!E9 -> 56.9
D10: ='Sonuç Değerlendirme'!E10 -> 59.7
A11: Gece Zaman Dilimi
D12: ='Sonuç Değerlendirme'!E12 -> 53.4
D13: ='Sonuç Değerlendirme'!E13 -> 59.2
D14: ='Sonuç Değerlendirme'!E14 -> 58.5

Sheet Düşük Frekans Değerlendirmesi
A1: Ölçüm No | B1: Ölçüm Noktası Konumu | C1: 63 – 250 Hz Frekans Aralığının 1/3 Oktav Bandı Sonuçları, LAeq (dBA)
C2: 63 Hz | D2: 80 Hz | E2: 100 Hz | F2: 125 Hz | G2: 160 Hz | H2: 200 Hz | I2: 250 Hz
A3: Gündüz
A4: =Gündüz!A5 -> 4 | B4: =Gündüz!B5 -> Çevre Ölçüm Noktası 1 | C4: =Gündüz!P5 -> 0 | D4: =Gündüz!Q5 -> 0 | E4: =Gündüz!R5 -> 0 | F4: =Gündüz!S5 -> 0 | G4: =Gündüz!T5 -> 0 | H4: =Gündüz!U5 -> 0 | I4: =Gündüz!V5 -> 0
A5: =Gündüz!A6 -> 5 | B5: =Gündüz!B6 -> Çevre Ölçüm Noktası 2 | C5: =Gündüz!P6 -> 0 | D5: =Gündüz!Q6 -> 0 | E5: =Gündüz!R6 -> 0 | F5: =Gündüz!S6 -> 0 | G5: =Gündüz!T6 -> 0 | H5: =Gündüz!U6 -> 0 | I5: =Gündüz!V6 -> 0
A6: =Gündüz!A7 -> 6 | B6: =Gündüz!B7 -> Çevre Ölçüm Noktası 3 | C6: =Gündüz!P7 -> 0 | D6: =Gündüz!Q7 -> 0 | E6: =Gündüz!R7 -> 0 | F6: =Gündüz!S7 -> 0 | G6: =Gündüz!T7 -> 0 | H6: =Gündüz!U7 -> 0 | I6: =Gündüz!V7 -> 0
A7: Sınır Değer, dBA | C7: 60
A8: Akşam
A9: =Akşam!A5 -> 4 | B9: =Akşam!B5 -> Çevre Ölçüm Noktası 1 | C9: =Akşam!P5 -> 0 | D9: =Akşam!Q5 -> 0 | E9: =Akşam!R5 -> 0 | F9: =Akşam!S5 -> 0 | G9: =Akşam!T5 -> 0 | H9: =Akşam!U5 -> 0 | I9: =Akşam!V5 -> 0
A10: =Akşam!A6 -> 5 | B10: =Akşam!B6 -> Çevre Ölçüm Noktası 2 | C10: =Akşam!P6 -> 0 | D10: =Akşam!Q6 -> 0 | E10: =Akşam!R6 -> 0 | F10: =Akşam!S6 -> 0 | G10: =Akşam!T6 -> 0 | H10: =Akşam!U6 -> 0 | I10: =Akşam!V6 -> 0
A11: =Akşam!A7 -> 6 | B11: =Akşam!B7 -> Çevre Ölçüm Noktası 3 | C11: =Akşam!P7 -> 0 | D11: =Akşam!Q7 -> 0 | E11: =Akşam!R7 -> 0 | F11: =Akşam!S7 -> 0 | G11: =Akşam!T7 -> 0 | H11: =Akşam!U7 -> 0 | I11: =Akşam!V7 -> 0
A12: Sınır Değer, dBA | C12: 55
A13: Gece
A14: =Gece!A5 -> 4 | B14: =Gece!B5 -> Çevre Ölçüm Noktası 1 | C14: =Gece!P5 -> 0 | D14: =Gece!Q5 -> 0 | E14: =Gece!R5 -> 0 | F14: =Gece!S5 -> 0 | G14: =Gece!T5 -> 0 | H14: =Gece!U5 -> 0 | I14: =Gece!V5 -> 0
A15: =Gece!A6 -> 5 | B15: =Gece!B6 -> Çevre Ölçüm Noktası 2 | C15: =Gece!P6 -> 0 | D15: =Gece!Q6 -> 0 | E15: =Gece!R6 -> 0 | F15: =Gece!S6 -> 0 | G15: =Gece!T6 -> 0 | H15: =Gece!U6 -> 0 | I15: =Gece!V6 -> 0
A16: =Gece!A7 -> 6 | B16: =Gece!B7 -> Çevre Ölçüm Noktası 3 | C16: =Gece!P7 -> 0 | D16: =Gece!Q7 -> 0 | E16: =Gece!R7 -> 0 | F16: =Gece!S7 -> 0 | G16: =Gece!T7 -> 0 | H16: =Gece!U7 -> 0 | I16: =Gece!V7 -> 0
A17: Sınır Değer, dBA | C17: 50

Sheet LC MAX
A1: Ölçüm No | B1: Ölçüm Noktası Konumu | C1: İşletme Çalışırken, | D1: ÇGKY EK-2 Tablo 1 Sınır Değer, dBC
A3: Gündüz
A4: =Gündüz!A5 -> 4 | B4: =Gündüz!B5 -> Çevre Ölçüm Noktası 1 | C4: =Gündüz!F5 -> 76.3 | D4: 100
A5: =Gündüz!A6 -> 5 | B5: =Gündüz!B6 -> Çevre Ölçüm Noktası 2 | C5: =Gündüz!F6 -> 80.4
A6: =Gündüz!A7 -> 6 | B6: =Gündüz!B7 -> Çevre Ölçüm Noktası 3 | C6: =Gündüz!F7 -> 82.9
A7: Akşam
A8: =Akşam!A5 -> 4 | B8: =Akşam!B5 -> Çevre Ölçüm Noktası 1 | C8: =Akşam!F5 -> 75.2 | D8: 100
A9: =Akşam!A6 -> 5 | B9: =Akşam!B6 -> Çevre Ölçüm Noktası 2 | C9: =Akşam!F6 -> 92.2
A10: =Akşam!A7 -> 6 | B10: =Akşam!B7 -> Çevre Ölçüm Noktası 3 | C10: =Akşam!F7 -> 87.4
A11: Gece
A12: =Gece!A5 -> 4 | B12: =Gece!B5 -> Çevre Ölçüm Noktası 1 | C12: =Gece!F5 -> 69.6 | D12: 100
A13: =Gece!A6 -> 5 | B13: =Gece!B6 -> Çevre Ölçüm Noktası 2 | C13: =Gece!F6 -> 75
A14: =Gece!A7 -> 6 | B14: =Gece!B7 -> Çevre Ölçüm Noktası 3 | C14: =Gece!F7 -> 75.6
